slug,url,domain,last_optimized
accessing-underlay-flags-dwg-format-aspose.cad-java-16.12,https://blog.aspose.com/cad/accessing-underlay-flags-dwg-format-aspose.cad-java-16.12/,blog.aspose.com,2025-12-24
change-svg-to-png-in-python,https://blog.aspose.com/cad/change-svg-to-png-in-python/,blog.aspose.com,2025-12-23
control-the-ratio-of-wide-to-narrow-in-barcode39,https://blog.aspose.com/barcode/control-the-ratio-of-wide-to-narrow-in-barcode39/,blog.aspose.com,2025-12-24
convert-cf2-to-dwf-dwfx-in-csharp,https://blog.aspose.com/cad/convert-cf2-to-dwf-dwfx-in-csharp/,blog.aspose.com,2025-12-24
convert-collada-to-emf-in-csharp,https://blog.aspose.com/cad/convert-collada-to-emf-in-csharp/,blog.aspose.com,2025-12-24
convert-dgn-file-to-pdf-in-python,https://blog.aspose.com/cad/convert-dgn-file-to-pdf-in-python/,blog.aspose.com,2025-12-24
convert-dgn-to-png-jpeg-tiff-java,https://blog.aspose.com/cad/convert-dgn-to-png-jpeg-tiff-java/,blog.aspose.com,2025-12-24
convert-dwf-dwfx-to-svg-java,https://blog.aspose.com/cad/convert-dwf-dwfx-to-svg-java/,blog.aspose.com,2025-12-23
convert-dwf-to-pdf-java,https://blog.aspose.com/cad/convert-dwf-to-pdf-java/,blog.aspose.com,2025-12-23
convert-dwf-to-png-in-javascript,https://blog.aspose.com/cad/convert-dwf-to-png-in-javascript/,blog.aspose.com,2025-12-23
detect-and-read-decorated-and-dot-peen-datamatrix-barcode-using-csharp,https://blog.aspose.com/barcode/detect-and-read-decorated-and-dot-peen-datamatrix-barcode-using-csharp/,blog.aspose.com,2025-12-24
dotcode-barcode-generation-in-java,https://blog.aspose.com/barcode/dotcode-barcode-generation-in-java/,blog.aspose.com,2025-12-24
enhanced-gs1-barcode-functionality-aspose.barcode-ssrs-17.4,https://blog.aspose.com/barcode/enhanced-gs1-barcode-functionality-aspose.barcode-ssrs-17.4/,blog.aspose.com,2025-12-24
generate-a-pdf417-barcode-in-java,https://blog.aspose.com/barcode/generate-a-pdf417-barcode-in-java/,blog.aspose.com,2025-12-24
generate-aztec-barcode-in-csharp,https://blog.aspose.com/barcode/generate-aztec-barcode-in-csharp/,blog.aspose.com,2025-12-24
generate-barcode-logoimagepicture-place-codetext-identify-type-code128-barcode-aspose.barcode-java-17.6,https://blog.aspose.com/barcode/generate-barcode-logoimagepicture-place-codetext-identify-type-code128-barcode-aspose.barcode-java-17.6/,blog.aspose.com,2025-12-24
pzn-barcode-support-added-in-aspose-barcode-for-jasperreports,https://blog.aspose.com/barcode/pzn-barcode-support-added-in-aspose-barcode-for-jasperreports/,blog.aspose.com,2025-12-23
qr-code-generator-by-aspose.barcode-for-java,https://blog.aspose.com/barcode/qr-code-generator-by-aspose.barcode-for-java/,blog.aspose.com,2025-12-23
remove-images-from-pdf-using-java,https://blog.aspose.com/pdf/remove-images-from-pdf-using-java/,blog.aspose.com,2025-12-23
rotate-barcode-images-in-java,https://blog.aspose.com/barcode/rotate-barcode-images-in-java/,blog.aspose.com,2025-12-23
scc-14-barcode-generation-support-added-in-aspose-barcode-for-java-2-5,https://blog.aspose.com/barcode/scc-14-barcode-generation-support-added-in-aspose-barcode-for-java-2-5/,blog.aspose.com,2025-12-24
support-codabloackf-barcode-improved-processing-datamatrix-aztec-barcodes-aspose.barcode-java-16.12,https://blog.aspose.com/barcode/support-codabloackf-barcode-improved-processing-datamatrix-aztec-barcodes-aspose.barcode-java-16.12/,blog.aspose.com,2025-12-24
support-for-android-ios-and-mac-via-xamarin-with-aspose.barcode-for-.net-18.6,https://blog.aspose.com/barcode/support-for-android-ios-and-mac-via-xamarin-with-aspose.barcode-for-.net-18.6/,blog.aspose.com,2025-12-24
